source_term,target_term,source_lang,target_lang,category,notes,do_not_translate,priority,context
Building Management System,ビル管理システム,en,ja,Smart Building,,false,high,
Building Automation System,ビルオートメーションシステム,en,ja,Smart Building,,false,high,
Energy Management System,エネルギー管理システム,en,ja,Energy,,false,high,
air handling unit,空調機,en,ja,HVAC,"Alt: エアハンドリングユニット (AHU) in spec documents",false,high,
fan coil unit,ファンコイルユニット,en,ja,HVAC,,false,high,
variable air volume,可変風量,en,ja,HVAC,"VAV unit → VAVユニット",false,high,
setpoint,設定値,en,ja,Control,,false,high,
occupancy sensor,在室センサー,en,ja,Sensors,,false,high,
CO2 sensor,CO2センサー,en,ja,Sensors,,false,high,
temperature sensor,温度センサー,en,ja,Sensors,,false,high,
energy consumption,エネルギー消費量,en,ja,Energy,,false,normal,
power consumption,消費電力,en,ja,Energy,,false,normal,
demand response,デマンドレスポンス,en,ja,Energy,,false,high,
peak demand,ピーク需要,en,ja,Energy,,false,normal,
energy efficiency,エネルギー効率,en,ja,Energy,,false,normal,
equipment status,機器状態,en,ja,Monitoring,,false,normal,
alarm,警報,en,ja,Monitoring,"UI labels often keep アラーム; decide per document",false,normal,
gateway,ゲートウェイ,en,ja,Network,,false,normal,
controller,コントローラー,en,ja,Control,,false,normal,
edge device,エッジデバイス,en,ja,IoT,,false,normal,
cloud platform,クラウドプラットフォーム,en,ja,IT,,false,normal,
dashboard,ダッシュボード,en,ja,IT,,false,normal,
BMS,BMS,en,ja,Acronym,Keep acronym,true,high,
BAS,BAS,en,ja,Acronym,Keep acronym,true,high,
HVAC,HVAC,en,ja,Acronym,Keep acronym (空調 in running prose if preferred),true,high,
AHU,AHU,en,ja,Acronym,,true,high,
FCU,FCU,en,ja,Acronym,,true,high,
VAV,VAV,en,ja,Acronym,,true,high,
BACnet,BACnet,en,ja,Protocol,,true,high,
BACnet/IP,BACnet/IP,en,ja,Protocol,,true,high,
Modbus,Modbus,en,ja,Protocol,,true,high,
Modbus TCP,Modbus TCP,en,ja,Protocol,,true,high,
KNX,KNX,en,ja,Protocol,,true,high,
MQTT,MQTT,en,ja,Protocol,,true,high,
SCADA,SCADA,en,ja,Acronym,,true,high,
PLC,PLC,en,ja,Acronym,,true,high,
IoT,IoT,en,ja,Acronym,,true,high,
EMS,EMS,en,ja,Acronym,,true,high,
chiller,冷凍機,en,ja,HVAC,"DRAFT — review. Alt: チラー (air-cooled chiller)",false,high,
work order,作業指示,en,ja,Maintenance,DRAFT — review,false,normal,
occupancy rate,在室率,en,ja,Sensors,DRAFT — review,false,high,
outdoor air temperature,外気温度,en,ja,HVAC,DRAFT — review,false,normal,
field controller,フィールドコントローラー,en,ja,Control,DRAFT — review,false,normal,
field device,フィールド機器,en,ja,Control,DRAFT — review,false,normal,
Web dashboard,Webダッシュボード,en,ja,IT,DRAFT — review,false,normal,
OpenADR,OpenADR,en,ja,Protocol,,true,high,
VLAN,VLAN,en,ja,Acronym,,true,normal,
VAV terminal,VAVターミナル,en,ja,HVAC,DRAFT — review,false,normal,
